{
  "0658.jpg": 50.95861554145813,
  "1119.jpg": 51.17543339729309,
  "1156.jpg": 50.721293687820435,
  "1176.jpg": 50.317734479904175,
  "1234.jpg": 50.809234380722046,
  "1260.jpg": 51.0595440864563,
  "1289.jpg": 50.61821937561035,
  "1309.jpg": 50.05481243133545,
  "1362.jpg": 50.53492784500122,
  "1383.jpg": 49.581530690193176,
  "1409.jpg": 49.54029619693756,
  "1452.jpg": 50.51027536392212,
  "1469.jpg": 50.35356283187866,
  "1541.jpg": 51.20527744293213,
  "1597.jpg": 51.69287323951721
}